abort_rate,abort_rate_%
0.24993548135330504,24.993548135330503
