max,mean,median,std,var,min
1444,1127.125,1146.5,243.97563274843657,59524.109375,660
